﻿{
    "CurrentRegionIdx": 6,
    "Regions": [
        {
            "$type": "StaticHttpRegionInfo, Assembly-CSharp",
            "Name": "<color=#6a6aff>诗雨阁</color><color=#ffff00>[襄阳]</color>",
            "PingServer": "https://xy.aufun.cn",
            "Servers": [
                {
                    "Name": "http-1",
                    "Ip": "https://xy.aufun.cn",
                    "Port": 443,
                    "UseDtls": false,
                    "Players": 0,
                    "ConnectionFailures": 0
                }
            ],
            "TranslateName": 1003
        },
        {
            "$type": "StaticHttpRegionInfo, Assembly-CSharp",
            "Name": "<color=#2894FF>诗雨阁</color><color=#ffff00>[广州]</color>",
            "PingServer": "https://gz.aufun.cn",
            "Servers": [
                {
                    "Name": "http-1",
                    "Ip": "https://gz.aufun.cn",
                    "Port": 443,
                    "UseDtls": false,
                    "Players": 0,
                    "ConnectionFailures": 0
                }
            ],
            "TranslateName": 1003
        },
        {
            "$type": "StaticHttpRegionInfo,Assembly-CSharp",
            "Name": "清风服(十堰)",
            "PingServer": "sy.server.fuyiwind.top",
            "Servers": [
                {
                    "Name": "http-1",
                    "Ip": "https://sy.server.fuyiwind.top",
                    "Port": 443,
                    "UseDtls": false,
                    "Players": 0,
                    "ConnectionFailures": 0
                }
            ],
            "TargetServer": null,
            "TranslateName": 1003
        },
        {
            "$type": "StaticHttpRegionInfo,Assembly-CSharp",
            "Name": "清风服(北京)",
            "PingServer": "bj.server.fuyiwind.top",
            "Servers": [
                {
                    "Name": "http-1",
                    "Ip": "https://bj.server.fuyiwind.top",
                    "Port": 443,
                    "UseDtls": false,
                    "Players": 0,
                    "ConnectionFailures": 0
                }
            ],
            "TargetServer": null,
            "TranslateName": 1003
        },
        {
            "$type": "StaticHttpRegionInfo,Assembly-CSharp",
            "Name": "清风服(上海)",
            "PingServer": "sh.server.fuyiwind.top",
            "Servers": [
                {
                    "Name": "http-1",
                    "Ip": "https://sh.server.fuyiwind.top",
                    "Port": 443,
                    "UseDtls": false,
                    "Players": 0,
                    "ConnectionFailures": 0
                }
            ],
            "TargetServer": null,
            "TranslateName": 1003
        },
        {
            "$type": "StaticHttpRegionInfo, Assembly-CSharp",
            "Name": "<color=#00ffff>方块</color><color=#FF8EFF>宿迁GMIA</color>私服",
            "PingServer": "player.fangkuai.fun",
            "Servers": [
                {
                    "Name": "http-1",
                    "Ip": "https://player.fangkuai.fun",
                    "Port": 443,
                    "UseDtls": false,
                    "Players": 0,
                    "ConnectionFailures": 0
                }
            ],
            "TranslateName": 1003
        },
        {
            "$type": "StaticHttpRegionInfo, Assembly-CSharp",
            "Name": "<color=#00ffff>方块</color><color=#FF8EFF>香港</color>私服",
            "PingServer": "auhk.fangkuai.fun",
            "Servers": [
                {
                    "Name": "http-1",
                    "Ip": "https://auhk.fangkuai.fun",
                    "Port": 443,
                    "UseDtls": false,
                    "Players": 0,
                    "ConnectionFailures": 0
                }
            ],
            "TranslateName": 1003
        },
        {
            "$type": "StaticHttpRegionInfo,Assembly-CSharp",
            "Name": "帆船服(枣庄)",
            "PingServer": "zxc.lcayun.cn",
            "Servers": [
                {
                    "Name": "http-1",
                    "Ip": "https://zxc.lcayun.cn",
                    "Port": 6082,
                    "UseDtls": false,
                    "Players": 0,
                    "ConnectionFailures": 0
                }
            ],
            "TargetServer": null,
            "TranslateName": 1003
        }
    ]
}